C:\Files\Academics\VIT\Lab or Practicals\Digital Forensics\Lab3\Security.evtx 420828 2021-08-03 20:59:33 2021-08-03 20:59:33 4634 8 Success Audit event 12545 The name for category 12545 in Source "Microsoft-Windows-Security-Auditing" cannot be found. The local computer may not have the necessary registry information or message DLL files to display messages from a remote computer Microsoft-Windows-Security-Auditing S-1-5-21-3453765039-941111965-2454054561-1001|mails|SHYAM-DELL-2|0xd6d10|7   Shyam-Dell-2 <NULL> An account was logged off. Subject: Security ID: S-1-5-21-3453765039-941111965-2454054561-1001 Account Name: mails Account Domain: SHYAM-DELL-2 Logon ID: 0xd6d10 Logon Type: 7 This event is generated when a logon session is destroyed. It may be positively correlated with a logon event using the Logon ID value. Logon IDs are only unique between reboots on the same computer.    <NULL>
C:\Files\Academics\VIT\Lab or Practicals\Digital Forensics\Lab3\Security.evtx 420829 2021-08-03 20:59:33 2021-08-03 20:59:33 4634 8 Success Audit event 12545 The name for category 12545 in Source "Microsoft-Windows-Security-Auditing" cannot be found. The local computer may not have the necessary registry information or message DLL files to display messages from a remote computer Microsoft-Windows-Security-Auditing S-1-5-21-3453765039-941111965-2454054561-1001|mails|SHYAM-DELL-2|0xd33e9|2   Shyam-Dell-2 <NULL> An account was logged off. Subject: Security ID: S-1-5-21-3453765039-941111965-2454054561-1001 Account Name: mails Account Domain: SHYAM-DELL-2 Logon ID: 0xd33e9 Logon Type: 2 This event is generated when a logon session is destroyed. It may be positively correlated with a logon event using the Logon ID value. Logon IDs are only unique between reboots on the same computer.    <NULL>
C:\Files\Academics\VIT\Lab or Practicals\Digital Forensics\Lab3\Security.evtx 420830 2021-08-03 20:59:33 2021-08-03 20:59:33 4634 8 Success Audit event 12545 The name for category 12545 in Source "Microsoft-Windows-Security-Auditing" cannot be found. The local computer may not have the necessary registry information or message DLL files to display messages from a remote computer Microsoft-Windows-Security-Auditing S-1-5-21-3453765039-941111965-2454054561-1001|mails|SHYAM-DELL-2|0xd3361|2   Shyam-Dell-2 <NULL> An account was logged off. Subject: Security ID: S-1-5-21-3453765039-941111965-2454054561-1001 Account Name: mails Account Domain: SHYAM-DELL-2 Logon ID: 0xd3361 Logon Type: 2 This event is generated when a logon session is destroyed. It may be positively correlated with a logon event using the Logon ID value. Logon IDs are only unique between reboots on the same computer.    <NULL>
C:\Files\Academics\VIT\Lab or Practicals\Digital Forensics\Lab3\Security.evtx 420831 2021-08-03 20:59:33 2021-08-03 20:59:33 4634 8 Success Audit event 12545 The name for category 12545 in Source "Microsoft-Windows-Security-Auditing" cannot be found. The local computer may not have the necessary registry information or message DLL files to display messages from a remote computer Microsoft-Windows-Security-Auditing S-1-5-21-3453765039-941111965-2454054561-1001|mails|SHYAM-DELL-2|0xd6bf3|7   Shyam-Dell-2 <NULL> An account was logged off. Subject: Security ID: S-1-5-21-3453765039-941111965-2454054561-1001 Account Name: mails Account Domain: SHYAM-DELL-2 Logon ID: 0xd6bf3 Logon Type: 7 This event is generated when a logon session is destroyed. It may be positively correlated with a logon event using the Logon ID value. Logon IDs are only unique between reboots on the same computer.    <NULL>
C:\Files\Academics\VIT\Lab or Practicals\Digital Forensics\Lab3\Security.evtx 422001 2021-08-03 22:27:33 2021-08-03 22:27:33 4634 8 Success Audit event 12545 The name for category 12545 in Source "Microsoft-Windows-Security-Auditing" cannot be found. The local computer may not have the necessary registry information or message DLL files to display messages from a remote computer Microsoft-Windows-Security-Auditing S-1-5-21-3453765039-941111965-2454054561-1001|mails|SHYAM-DELL-2|0xe5b95|7   Shyam-Dell-2 <NULL> An account was logged off. Subject: Security ID: S-1-5-21-3453765039-941111965-2454054561-1001 Account Name: mails Account Domain: SHYAM-DELL-2 Logon ID: 0xe5b95 Logon Type: 7 This event is generated when a logon session is destroyed. It may be positively correlated with a logon event using the Logon ID value. Logon IDs are only unique between reboots on the same computer.    <NULL>
C:\Files\Academics\VIT\Lab or Practicals\Digital Forensics\Lab3\Security.evtx 422002 2021-08-03 22:27:33 2021-08-03 22:27:33 4634 8 Success Audit event 12545 The name for category 12545 in Source "Microsoft-Windows-Security-Auditing" cannot be found. The local computer may not have the necessary registry information or message DLL files to display messages from a remote computer Microsoft-Windows-Security-Auditing S-1-5-21-3453765039-941111965-2454054561-1001|mails|SHYAM-DELL-2|0xe510e|2   Shyam-Dell-2 <NULL> An account was logged off. Subject: Security ID: S-1-5-21-3453765039-941111965-2454054561-1001 Account Name: mails Account Domain: SHYAM-DELL-2 Logon ID: 0xe510e Logon Type: 2 This event is generated when a logon session is destroyed. It may be positively correlated with a logon event using the Logon ID value. Logon IDs are only unique between reboots on the same computer.    <NULL>
C:\Files\Academics\VIT\Lab or Practicals\Digital Forensics\Lab3\Security.evtx 422003 2021-08-03 22:27:33 2021-08-03 22:27:33 4634 8 Success Audit event 12545 The name for category 12545 in Source "Microsoft-Windows-Security-Auditing" cannot be found. The local computer may not have the necessary registry information or message DLL files to display messages from a remote computer Microsoft-Windows-Security-Auditing S-1-5-21-3453765039-941111965-2454054561-1001|mails|SHYAM-DELL-2|0xe5ad4|7   Shyam-Dell-2 <NULL> An account was logged off. Subject: Security ID: S-1-5-21-3453765039-941111965-2454054561-1001 Account Name: mails Account Domain: SHYAM-DELL-2 Logon ID: 0xe5ad4 Logon Type: 7 This event is generated when a logon session is destroyed. It may be positively correlated with a logon event using the Logon ID value. Logon IDs are only unique between reboots on the same computer.    <NULL>
C:\Files\Academics\VIT\Lab or Practicals\Digital Forensics\Lab3\Security.evtx 422004 2021-08-03 22:27:33 2021-08-03 22:27:33 4634 8 Success Audit event 12545 The name for category 12545 in Source "Microsoft-Windows-Security-Auditing" cannot be found. The local computer may not have the necessary registry information or message DLL files to display messages from a remote computer Microsoft-Windows-Security-Auditing S-1-5-21-3453765039-941111965-2454054561-1001|mails|SHYAM-DELL-2|0xe5092|2   Shyam-Dell-2 <NULL> An account was logged off. Subject: Security ID: S-1-5-21-3453765039-941111965-2454054561-1001 Account Name: mails Account Domain: SHYAM-DELL-2 Logon ID: 0xe5092 Logon Type: 2 This event is generated when a logon session is destroyed. It may be positively correlated with a logon event using the Logon ID value. Logon IDs are only unique between reboots on the same computer.    <NULL>
C:\Files\Academics\VIT\Lab or Practicals\Digital Forensics\Lab3\Security.evtx 422371 2021-08-04 07:55:41 2021-08-04 07:55:41 4634 8 Success Audit event 12545 The name for category 12545 in Source "Microsoft-Windows-Security-Auditing" cannot be found. The local computer may not have the necessary registry information or message DLL files to display messages from a remote computer Microsoft-Windows-Security-Auditing S-1-5-21-3453765039-941111965-2454054561-1001|mails|SHYAM-DELL-2|0xf1715|7   Shyam-Dell-2 <NULL> An account was logged off. Subject: Security ID: S-1-5-21-3453765039-941111965-2454054561-1001 Account Name: mails Account Domain: SHYAM-DELL-2 Logon ID: 0xf1715 Logon Type: 7 This event is generated when a logon session is destroyed. It may be positively correlated with a logon event using the Logon ID value. Logon IDs are only unique between reboots on the same computer.    <NULL>
C:\Files\Academics\VIT\Lab or Practicals\Digital Forensics\Lab3\Security.evtx 422372 2021-08-04 07:55:41 2021-08-04 07:55:41 4634 8 Success Audit event 12545 The name for category 12545 in Source "Microsoft-Windows-Security-Auditing" cannot be found. The local computer may not have the necessary registry information or message DLL files to display messages from a remote computer Microsoft-Windows-Security-Auditing S-1-5-21-3453765039-941111965-2454054561-1001|mails|SHYAM-DELL-2|0xf0d9f|2   Shyam-Dell-2 <NULL> An account was logged off. Subject: Security ID: S-1-5-21-3453765039-941111965-2454054561-1001 Account Name: mails Account Domain: SHYAM-DELL-2 Logon ID: 0xf0d9f Logon Type: 2 This event is generated when a logon session is destroyed. It may be positively correlated with a logon event using the Logon ID value. Logon IDs are only unique between reboots on the same computer.    <NULL>
C:\Files\Academics\VIT\Lab or Practicals\Digital Forensics\Lab3\Security.evtx 422373 2021-08-04 07:55:41 2021-08-04 07:55:41 4634 8 Success Audit event 12545 The name for category 12545 in Source "Microsoft-Windows-Security-Auditing" cannot be found. The local computer may not have the necessary registry information or message DLL files to display messages from a remote computer Microsoft-Windows-Security-Auditing S-1-5-21-3453765039-941111965-2454054561-1001|mails|SHYAM-DELL-2|0xf0d5b|2   Shyam-Dell-2 <NULL> An account was logged off. Subject: Security ID: S-1-5-21-3453765039-941111965-2454054561-1001 Account Name: mails Account Domain: SHYAM-DELL-2 Logon ID: 0xf0d5b Logon Type: 2 This event is generated when a logon session is destroyed. It may be positively correlated with a logon event using the Logon ID value. Logon IDs are only unique between reboots on the same computer.    <NULL>
C:\Files\Academics\VIT\Lab or Practicals\Digital Forensics\Lab3\Security.evtx 422374 2021-08-04 07:55:41 2021-08-04 07:55:41 4634 8 Success Audit event 12545 The name for category 12545 in Source "Microsoft-Windows-Security-Auditing" cannot be found. The local computer may not have the necessary registry information or message DLL files to display messages from a remote computer Microsoft-Windows-Security-Auditing S-1-5-21-3453765039-941111965-2454054561-1001|mails|SHYAM-DELL-2|0xf1679|7   Shyam-Dell-2 <NULL> An account was logged off. Subject: Security ID: S-1-5-21-3453765039-941111965-2454054561-1001 Account Name: mails Account Domain: SHYAM-DELL-2 Logon ID: 0xf1679 Logon Type: 7 This event is generated when a logon session is destroyed. It may be positively correlated with a logon event using the Logon ID value. Logon IDs are only unique between reboots on the same computer.    <NULL>
C:\Files\Academics\VIT\Lab or Practicals\Digital Forensics\Lab3\Security.evtx 423672 2021-08-05 02:52:41 2021-08-05 02:52:41 4634 8 Success Audit event 12545 The name for category 12545 in Source "Microsoft-Windows-Security-Auditing" cannot be found. The local computer may not have the necessary registry information or message DLL files to display messages from a remote computer Microsoft-Windows-Security-Auditing S-1-5-21-3453765039-941111965-2454054561-1001|mails|SHYAM-DELL-2|0x99c0a|7   Shyam-Dell-2 <NULL> An account was logged off. Subject: Security ID: S-1-5-21-3453765039-941111965-2454054561-1001 Account Name: mails Account Domain: SHYAM-DELL-2 Logon ID: 0x99c0a Logon Type: 7 This event is generated when a logon session is destroyed. It may be positively correlated with a logon event using the Logon ID value. Logon IDs are only unique between reboots on the same computer.    <NULL>
C:\Files\Academics\VIT\Lab or Practicals\Digital Forensics\Lab3\Security.evtx 423673 2021-08-05 02:52:41 2021-08-05 02:52:41 4634 8 Success Audit event 12545 The name for category 12545 in Source "Microsoft-Windows-Security-Auditing" cannot be found. The local computer may not have the necessary registry information or message DLL files to display messages from a remote computer Microsoft-Windows-Security-Auditing S-1-5-21-3453765039-941111965-2454054561-1001|mails|SHYAM-DELL-2|0x98f8e|2   Shyam-Dell-2 <NULL> An account was logged off. Subject: Security ID: S-1-5-21-3453765039-941111965-2454054561-1001 Account Name: mails Account Domain: SHYAM-DELL-2 Logon ID: 0x98f8e Logon Type: 2 This event is generated when a logon session is destroyed. It may be positively correlated with a logon event using the Logon ID value. Logon IDs are only unique between reboots on the same computer.    <NULL>
C:\Files\Academics\VIT\Lab or Practicals\Digital Forensics\Lab3\Security.evtx 423674 2021-08-05 02:52:41 2021-08-05 02:52:41 4634 8 Success Audit event 12545 The name for category 12545 in Source "Microsoft-Windows-Security-Auditing" cannot be found. The local computer may not have the necessary registry information or message DLL files to display messages from a remote computer Microsoft-Windows-Security-Auditing S-1-5-21-3453765039-941111965-2454054561-1001|mails|SHYAM-DELL-2|0x99b7c|7   Shyam-Dell-2 <NULL> An account was logged off. Subject: Security ID: S-1-5-21-3453765039-941111965-2454054561-1001 Account Name: mails Account Domain: SHYAM-DELL-2 Logon ID: 0x99b7c Logon Type: 7 This event is generated when a logon session is destroyed. It may be positively correlated with a logon event using the Logon ID value. Logon IDs are only unique between reboots on the same computer.    <NULL>
C:\Files\Academics\VIT\Lab or Practicals\Digital Forensics\Lab3\Security.evtx 423675 2021-08-05 02:52:41 2021-08-05 02:52:41 4634 8 Success Audit event 12545 The name for category 12545 in Source "Microsoft-Windows-Security-Auditing" cannot be found. The local computer may not have the necessary registry information or message DLL files to display messages from a remote computer Microsoft-Windows-Security-Auditing S-1-5-21-3453765039-941111965-2454054561-1001|mails|SHYAM-DELL-2|0x98f0e|2   Shyam-Dell-2 <NULL> An account was logged off. Subject: Security ID: S-1-5-21-3453765039-941111965-2454054561-1001 Account Name: mails Account Domain: SHYAM-DELL-2 Logon ID: 0x98f0e Logon Type: 2 This event is generated when a logon session is destroyed. It may be positively correlated with a logon event using the Logon ID value. Logon IDs are only unique between reboots on the same computer.    <NULL>
C:\Files\Academics\VIT\Lab or Practicals\Digital Forensics\Lab3\Security.evtx 424707 2021-08-05 14:38:52 2021-08-05 14:38:52 4634 8 Success Audit event 12545 The name for category 12545 in Source "Microsoft-Windows-Security-Auditing" cannot be found. The local computer may not have the necessary registry information or message DLL files to display messages from a remote computer Microsoft-Windows-Security-Auditing S-1-5-21-3453765039-941111965-2454054561-1001|mails|SHYAM-DELL-2|0xec29c|7   Shyam-Dell-2 <NULL> An account was logged off. Subject: Security ID: S-1-5-21-3453765039-941111965-2454054561-1001 Account Name: mails Account Domain: SHYAM-DELL-2 Logon ID: 0xec29c Logon Type: 7 This event is generated when a logon session is destroyed. It may be positively correlated with a logon event using the Logon ID value. Logon IDs are only unique between reboots on the same computer.    <NULL>
C:\Files\Academics\VIT\Lab or Practicals\Digital Forensics\Lab3\Security.evtx 424708 2021-08-05 14:38:52 2021-08-05 14:38:52 4634 8 Success Audit event 12545 The name for category 12545 in Source "Microsoft-Windows-Security-Auditing" cannot be found. The local computer may not have the necessary registry information or message DLL files to display messages from a remote computer Microsoft-Windows-Security-Auditing S-1-5-21-3453765039-941111965-2454054561-1001|mails|SHYAM-DELL-2|0xeb1b3|2   Shyam-Dell-2 <NULL> An account was logged off. Subject: Security ID: S-1-5-21-3453765039-941111965-2454054561-1001 Account Name: mails Account Domain: SHYAM-DELL-2 Logon ID: 0xeb1b3 Logon Type: 2 This event is generated when a logon session is destroyed. It may be positively correlated with a logon event using the Logon ID value. Logon IDs are only unique between reboots on the same computer.    <NULL>
C:\Files\Academics\VIT\Lab or Practicals\Digital Forensics\Lab3\Security.evtx 424709 2021-08-05 14:38:52 2021-08-05 14:38:52 4634 8 Success Audit event 12545 The name for category 12545 in Source "Microsoft-Windows-Security-Auditing" cannot be found. The local computer may not have the necessary registry information or message DLL files to display messages from a remote computer Microsoft-Windows-Security-Auditing S-1-5-21-3453765039-941111965-2454054561-1001|mails|SHYAM-DELL-2|0xeb16f|2   Shyam-Dell-2 <NULL> An account was logged off. Subject: Security ID: S-1-5-21-3453765039-941111965-2454054561-1001 Account Name: mails Account Domain: SHYAM-DELL-2 Logon ID: 0xeb16f Logon Type: 2 This event is generated when a logon session is destroyed. It may be positively correlated with a logon event using the Logon ID value. Logon IDs are only unique between reboots on the same computer.    <NULL>
C:\Files\Academics\VIT\Lab or Practicals\Digital Forensics\Lab3\Security.evtx 424710 2021-08-05 14:38:52 2021-08-05 14:38:52 4634 8 Success Audit event 12545 The name for category 12545 in Source "Microsoft-Windows-Security-Auditing" cannot be found. The local computer may not have the necessary registry information or message DLL files to display messages from a remote computer Microsoft-Windows-Security-Auditing S-1-5-21-3453765039-941111965-2454054561-1001|mails|SHYAM-DELL-2|0xec19b|7   Shyam-Dell-2 <NULL> An account was logged off. Subject: Security ID: S-1-5-21-3453765039-941111965-2454054561-1001 Account Name: mails Account Domain: SHYAM-DELL-2 Logon ID: 0xec19b Logon Type: 7 This event is generated when a logon session is destroyed. It may be positively correlated with a logon event using the Logon ID value. Logon IDs are only unique between reboots on the same computer.    <NULL>
C:\Files\Academics\VIT\Lab or Practicals\Digital Forensics\Lab3\Security.evtx 425254 2021-08-05 20:16:46 2021-08-05 20:16:46 4634 8 Success Audit event 12545 The name for category 12545 in Source "Microsoft-Windows-Security-Auditing" cannot be found. The local computer may not have the necessary registry information or message DLL files to display messages from a remote computer Microsoft-Windows-Security-Auditing S-1-5-21-3453765039-941111965-2454054561-1001|mails|SHYAM-DELL-2|0x63e76f|7  Shyam-Dell-2 <NULL> An account was logged off. Subject: Security ID: S-1-5-21-3453765039-941111965-2454054561-1001 Account Name: mails Account Domain: SHYAM-DELL-2 Logon ID: 0x63e76f Logon Type: 7 This event is generated when a logon session is destroyed. It may be positively correlated with a logon event using the Logon ID value. Logon IDs are only unique between reboots on the same computer.   <NULL>
C:\Files\Academics\VIT\Lab or Practicals\Digital Forensics\Lab3\Security.evtx 425255 2021-08-05 20:16:46 2021-08-05 20:16:46 4634 8 Success Audit event 12545 The name for category 12545 in Source "Microsoft-Windows-Security-Auditing" cannot be found. The local computer may not have the necessary registry information or message DLL files to display messages from a remote computer Microsoft-Windows-Security-Auditing S-1-5-21-3453765039-941111965-2454054561-1001|mails|SHYAM-DELL-2|0x63d232|2  Shyam-Dell-2 <NULL> An account was logged off. Subject: Security ID: S-1-5-21-3453765039-941111965-2454054561-1001 Account Name: mails Account Domain: SHYAM-DELL-2 Logon ID: 0x63d232 Logon Type: 2 This event is generated when a logon session is destroyed. It may be positively correlated with a logon event using the Logon ID value. Logon IDs are only unique between reboots on the same computer.   <NULL>
C:\Files\Academics\VIT\Lab or Practicals\Digital Forensics\Lab3\Security.evtx 425256 2021-08-05 20:16:46 2021-08-05 20:16:46 4634 8 Success Audit event 12545 The name for category 12545 in Source "Microsoft-Windows-Security-Auditing" cannot be found. The local computer may not have the necessary registry information or message DLL files to display messages from a remote computer Microsoft-Windows-Security-Auditing S-1-5-21-3453765039-941111965-2454054561-1001|mails|SHYAM-DELL-2|0x63e61d|7  Shyam-Dell-2 <NULL> An account was logged off. Subject: Security ID: S-1-5-21-3453765039-941111965-2454054561-1001 Account Name: mails Account Domain: SHYAM-DELL-2 Logon ID: 0x63e61d Logon Type: 7 This event is generated when a logon session is destroyed. It may be positively correlated with a logon event using the Logon ID value. Logon IDs are only unique between reboots on the same computer.   <NULL>
C:\Files\Academics\VIT\Lab or Practicals\Digital Forensics\Lab3\Security.evtx 425257 2021-08-05 20:16:46 2021-08-05 20:16:46 4634 8 Success Audit event 12545 The name for category 12545 in Source "Microsoft-Windows-Security-Auditing" cannot be found. The local computer may not have the necessary registry information or message DLL files to display messages from a remote computer Microsoft-Windows-Security-Auditing S-1-5-21-3453765039-941111965-2454054561-1001|mails|SHYAM-DELL-2|0x63d17e|2  Shyam-Dell-2 <NULL> An account was logged off. Subject: Security ID: S-1-5-21-3453765039-941111965-2454054561-1001 Account Name: mails Account Domain: SHYAM-DELL-2 Logon ID: 0x63d17e Logon Type: 2 This event is generated when a logon session is destroyed. It may be positively correlated with a logon event using the Logon ID value. Logon IDs are only unique between reboots on the same computer.   <NULL>
C:\Files\Academics\VIT\Lab or Practicals\Digital Forensics\Lab3\Security.evtx 426301 2021-08-10 13:53:48 2021-08-10 13:53:48 4634 8 Success Audit event 12545 The name for category 12545 in Source "Microsoft-Windows-Security-Auditing" cannot be found. The local computer may not have the necessary registry information or message DLL files to display messages from a remote computer Microsoft-Windows-Security-Auditing S-1-5-21-3453765039-941111965-2454054561-1001|mails|SHYAM-DELL-2|0x98733|7   Shyam-Dell-2 <NULL> An account was logged off. Subject: Security ID: S-1-5-21-3453765039-941111965-2454054561-1001 Account Name: mails Account Domain: SHYAM-DELL-2 Logon ID: 0x98733 Logon Type: 7 This event is generated when a logon session is destroyed. It may be positively correlated with a logon event using the Logon ID value. Logon IDs are only unique between reboots on the same computer.    <NULL>
C:\Files\Academics\VIT\Lab or Practicals\Digital Forensics\Lab3\Security.evtx 426302 2021-08-10 13:53:48 2021-08-10 13:53:48 4634 8 Success Audit event 12545 The name for category 12545 in Source "Microsoft-Windows-Security-Auditing" cannot be found. The local computer may not have the necessary registry information or message DLL files to display messages from a remote computer Microsoft-Windows-Security-Auditing S-1-5-21-3453765039-941111965-2454054561-1001|mails|SHYAM-DELL-2|0x932c9|2   Shyam-Dell-2 <NULL> An account was logged off. Subject: Security ID: S-1-5-21-3453765039-941111965-2454054561-1001 Account Name: mails Account Domain: SHYAM-DELL-2 Logon ID: 0x932c9 Logon Type: 2 This event is generated when a logon session is destroyed. It may be positively correlated with a logon event using the Logon ID value. Logon IDs are only unique between reboots on the same computer.    <NULL>
C:\Files\Academics\VIT\Lab or Practicals\Digital Forensics\Lab3\Security.evtx 426303 2021-08-10 13:53:48 2021-08-10 13:53:48 4634 8 Success Audit event 12545 The name for category 12545 in Source "Microsoft-Windows-Security-Auditing" cannot be found. The local computer may not have the necessary registry information or message DLL files to display messages from a remote computer Microsoft-Windows-Security-Auditing S-1-5-21-3453765039-941111965-2454054561-1001|mails|SHYAM-DELL-2|0x9868e|7   Shyam-Dell-2 <NULL> An account was logged off. Subject: Security ID: S-1-5-21-3453765039-941111965-2454054561-1001 Account Name: mails Account Domain: SHYAM-DELL-2 Logon ID: 0x9868e Logon Type: 7 This event is generated when a logon session is destroyed. It may be positively correlated with a logon event using the Logon ID value. Logon IDs are only unique between reboots on the same computer.    <NULL>
C:\Files\Academics\VIT\Lab or Practicals\Digital Forensics\Lab3\Security.evtx 426304 2021-08-10 13:53:48 2021-08-10 13:53:48 4634 8 Success Audit event 12545 The name for category 12545 in Source "Microsoft-Windows-Security-Auditing" cannot be found. The local computer may not have the necessary registry information or message DLL files to display messages from a remote computer Microsoft-Windows-Security-Auditing S-1-5-21-3453765039-941111965-2454054561-1001|mails|SHYAM-DELL-2|0x9323b|2   Shyam-Dell-2 <NULL> An account was logged off. Subject: Security ID: S-1-5-21-3453765039-941111965-2454054561-1001 Account Name: mails Account Domain: SHYAM-DELL-2 Logon ID: 0x9323b Logon Type: 2 This event is generated when a logon session is destroyed. It may be positively correlated with a logon event using the Logon ID value. Logon IDs are only unique between reboots on the same computer.    <NULL>
C:\Files\Academics\VIT\Lab or Practicals\Digital Forensics\Lab3\Security.evtx 429362 2021-08-10 21:56:28 2021-08-10 21:56:28 4634 8 Success Audit event 12545 The name for category 12545 in Source "Microsoft-Windows-Security-Auditing" cannot be found. The local computer may not have the necessary registry information or message DLL files to display messages from a remote computer Microsoft-Windows-Security-Auditing S-1-5-21-3453765039-941111965-2454054561-1001|mails|SHYAM-DELL-2|0xb58916c|7 Shyam-Dell-2 <NULL> An account was logged off. Subject: Security ID: S-1-5-21-3453765039-941111965-2454054561-1001 Account Name: mails Account Domain: SHYAM-DELL-2 Logon ID: 0xb58916c Logon Type: 7 This event is generated when a logon session is destroyed. It may be positively correlated with a logon event using the Logon ID value. Logon IDs are only unique between reboots on the same computer.  <NULL>
C:\Files\Academics\VIT\Lab or Practicals\Digital Forensics\Lab3\Security.evtx 429363 2021-08-10 21:56:28 2021-08-10 21:56:28 4634 8 Success Audit event 12545 The name for category 12545 in Source "Microsoft-Windows-Security-Auditing" cannot be found. The local computer may not have the necessary registry information or message DLL files to display messages from a remote computer Microsoft-Windows-Security-Auditing S-1-5-21-3453765039-941111965-2454054561-1001|mails|SHYAM-DELL-2|0xb5861a2|2 Shyam-Dell-2 <NULL> An account was logged off. Subject: Security ID: S-1-5-21-3453765039-941111965-2454054561-1001 Account Name: mails Account Domain: SHYAM-DELL-2 Logon ID: 0xb5861a2 Logon Type: 2 This event is generated when a logon session is destroyed. It may be positively correlated with a logon event using the Logon ID value. Logon IDs are only unique between reboots on the same computer.  <NULL>
C:\Files\Academics\VIT\Lab or Practicals\Digital Forensics\Lab3\Security.evtx 429364 2021-08-10 21:56:28 2021-08-10 21:56:28 4634 8 Success Audit event 12545 The name for category 12545 in Source "Microsoft-Windows-Security-Auditing" cannot be found. The local computer may not have the necessary registry information or message DLL files to display messages from a remote computer Microsoft-Windows-Security-Auditing S-1-5-21-3453765039-941111965-2454054561-1001|mails|SHYAM-DELL-2|0xb588ee3|7 Shyam-Dell-2 <NULL> An account was logged off. Subject: Security ID: S-1-5-21-3453765039-941111965-2454054561-1001 Account Name: mails Account Domain: SHYAM-DELL-2 Logon ID: 0xb588ee3 Logon Type: 7 This event is generated when a logon session is destroyed. It may be positively correlated with a logon event using the Logon ID value. Logon IDs are only unique between reboots on the same computer.  <NULL>
C:\Files\Academics\VIT\Lab or Practicals\Digital Forensics\Lab3\Security.evtx 429365 2021-08-10 21:56:28 2021-08-10 21:56:28 4634 8 Success Audit event 12545 The name for category 12545 in Source "Microsoft-Windows-Security-Auditing" cannot be found. The local computer may not have the necessary registry information or message DLL files to display messages from a remote computer Microsoft-Windows-Security-Auditing S-1-5-21-3453765039-941111965-2454054561-1001|mails|SHYAM-DELL-2|0xb585fde|2 Shyam-Dell-2 <NULL> An account was logged off. Subject: Security ID: S-1-5-21-3453765039-941111965-2454054561-1001 Account Name: mails Account Domain: SHYAM-DELL-2 Logon ID: 0xb585fde Logon Type: 2 This event is generated when a logon session is destroyed. It may be positively correlated with a logon event using the Logon ID value. Logon IDs are only unique between reboots on the same computer.  <NULL>
C:\Files\Academics\VIT\Lab or Practicals\Digital Forensics\Lab3\Security.evtx 429714 2021-08-10 22:09:15 2021-08-10 22:09:15 4634 8 Success Audit event 12545 The name for category 12545 in Source "Microsoft-Windows-Security-Auditing" cannot be found. The local computer may not have the necessary registry information or message DLL files to display messages from a remote computer Microsoft-Windows-Security-Auditing S-1-5-21-3453765039-941111965-2454054561-1001|mails|SHYAM-DELL-2|0x8c3ae|7   Shyam-Dell-2 <NULL> An account was logged off. Subject: Security ID: S-1-5-21-3453765039-941111965-2454054561-1001 Account Name: mails Account Domain: SHYAM-DELL-2 Logon ID: 0x8c3ae Logon Type: 7 This event is generated when a logon session is destroyed. It may be positively correlated with a logon event using the Logon ID value. Logon IDs are only unique between reboots on the same computer.    <NULL>
C:\Files\Academics\VIT\Lab or Practicals\Digital Forensics\Lab3\Security.evtx 429715 2021-08-10 22:09:15 2021-08-10 22:09:15 4634 8 Success Audit event 12545 The name for category 12545 in Source "Microsoft-Windows-Security-Auditing" cannot be found. The local computer may not have the necessary registry information or message DLL files to display messages from a remote computer Microsoft-Windows-Security-Auditing S-1-5-21-3453765039-941111965-2454054561-1001|mails|SHYAM-DELL-2|0x8ac2d|2   Shyam-Dell-2 <NULL> An account was logged off. Subject: Security ID: S-1-5-21-3453765039-941111965-2454054561-1001 Account Name: mails Account Domain: SHYAM-DELL-2 Logon ID: 0x8ac2d Logon Type: 2 This event is generated when a logon session is destroyed. It may be positively correlated with a logon event using the Logon ID value. Logon IDs are only unique between reboots on the same computer.    <NULL>
C:\Files\Academics\VIT\Lab or Practicals\Digital Forensics\Lab3\Security.evtx 429716 2021-08-10 22:09:15 2021-08-10 22:09:15 4634 8 Success Audit event 12545 The name for category 12545 in Source "Microsoft-Windows-Security-Auditing" cannot be found. The local computer may not have the necessary registry information or message DLL files to display messages from a remote computer Microsoft-Windows-Security-Auditing S-1-5-21-3453765039-941111965-2454054561-1001|mails|SHYAM-DELL-2|0x8abd1|2   Shyam-Dell-2 <NULL> An account was logged off. Subject: Security ID: S-1-5-21-3453765039-941111965-2454054561-1001 Account Name: mails Account Domain: SHYAM-DELL-2 Logon ID: 0x8abd1 Logon Type: 2 This event is generated when a logon session is destroyed. It may be positively correlated with a logon event using the Logon ID value. Logon IDs are only unique between reboots on the same computer.    <NULL>
C:\Files\Academics\VIT\Lab or Practicals\Digital Forensics\Lab3\Security.evtx 429717 2021-08-10 22:09:15 2021-08-10 22:09:15 4634 8 Success Audit event 12545 The name for category 12545 in Source "Microsoft-Windows-Security-Auditing" cannot be found. The local computer may not have the necessary registry information or message DLL files to display messages from a remote computer Microsoft-Windows-Security-Auditing S-1-5-21-3453765039-941111965-2454054561-1001|mails|SHYAM-DELL-2|0x8c2ee|7   Shyam-Dell-2 <NULL> An account was logged off. Subject: Security ID: S-1-5-21-3453765039-941111965-2454054561-1001 Account Name: mails Account Domain: SHYAM-DELL-2 Logon ID: 0x8c2ee Logon Type: 7 This event is generated when a logon session is destroyed. It may be positively correlated with a logon event using the Logon ID value. Logon IDs are only unique between reboots on the same computer.    <NULL>
C:\Files\Academics\VIT\Lab or Practicals\Digital Forensics\Lab3\Security.evtx 430023 2021-08-11 06:07:34 2021-08-11 06:07:34 4634 8 Success Audit event 12545 The name for category 12545 in Source "Microsoft-Windows-Security-Auditing" cannot be found. The local computer may not have the necessary registry information or message DLL files to display messages from a remote computer Microsoft-Windows-Security-Auditing S-1-5-21-3453765039-941111965-2454054561-1001|mails|SHYAM-DELL-2|0x9d1ee|7   Shyam-Dell-2 <NULL> An account was logged off. Subject: Security ID: S-1-5-21-3453765039-941111965-2454054561-1001 Account Name: mails Account Domain: SHYAM-DELL-2 Logon ID: 0x9d1ee Logon Type: 7 This event is generated when a logon session is destroyed. It may be positively correlated with a logon event using the Logon ID value. Logon IDs are only unique between reboots on the same computer.    <NULL>
C:\Files\Academics\VIT\Lab or Practicals\Digital Forensics\Lab3\Security.evtx 430024 2021-08-11 06:07:34 2021-08-11 06:07:34 4634 8 Success Audit event 12545 The name for category 12545 in Source "Microsoft-Windows-Security-Auditing" cannot be found. The local computer may not have the necessary registry information or message DLL files to display messages from a remote computer Microsoft-Windows-Security-Auditing S-1-5-21-3453765039-941111965-2454054561-1001|mails|SHYAM-DELL-2|0x9c912|2   Shyam-Dell-2 <NULL> An account was logged off. Subject: Security ID: S-1-5-21-3453765039-941111965-2454054561-1001 Account Name: mails Account Domain: SHYAM-DELL-2 Logon ID: 0x9c912 Logon Type: 2 This event is generated when a logon session is destroyed. It may be positively correlated with a logon event using the Logon ID value. Logon IDs are only unique between reboots on the same computer.    <NULL>
C:\Files\Academics\VIT\Lab or Practicals\Digital Forensics\Lab3\Security.evtx 430025 2021-08-11 06:07:34 2021-08-11 06:07:34 4634 8 Success Audit event 12545 The name for category 12545 in Source "Microsoft-Windows-Security-Auditing" cannot be found. The local computer may not have the necessary registry information or message DLL files to display messages from a remote computer Microsoft-Windows-Security-Auditing S-1-5-21-3453765039-941111965-2454054561-1001|mails|SHYAM-DELL-2|0x9d12d|7   Shyam-Dell-2 <NULL> An account was logged off. Subject: Security ID: S-1-5-21-3453765039-941111965-2454054561-1001 Account Name: mails Account Domain: SHYAM-DELL-2 Logon ID: 0x9d12d Logon Type: 7 This event is generated when a logon session is destroyed. It may be positively correlated with a logon event using the Logon ID value. Logon IDs are only unique between reboots on the same computer.    <NULL>
C:\Files\Academics\VIT\Lab or Practicals\Digital Forensics\Lab3\Security.evtx 430026 2021-08-11 06:07:34 2021-08-11 06:07:34 4634 8 Success Audit event 12545 The name for category 12545 in Source "Microsoft-Windows-Security-Auditing" cannot be found. The local computer may not have the necessary registry information or message DLL files to display messages from a remote computer Microsoft-Windows-Security-Auditing S-1-5-21-3453765039-941111965-2454054561-1001|mails|SHYAM-DELL-2|0x9c8b8|2   Shyam-Dell-2 <NULL> An account was logged off. Subject: Security ID: S-1-5-21-3453765039-941111965-2454054561-1001 Account Name: mails Account Domain: SHYAM-DELL-2 Logon ID: 0x9c8b8 Logon Type: 2 This event is generated when a logon session is destroyed. It may be positively correlated with a logon event using the Logon ID value. Logon IDs are only unique between reboots on the same computer.    <NULL>
C:\Files\Academics\VIT\Lab or Practicals\Digital Forensics\Lab3\Security.evtx 430789 2021-08-14 16:45:04 2021-08-14 16:45:04 4634 8 Success Audit event 12545 The name for category 12545 in Source "Microsoft-Windows-Security-Auditing" cannot be found. The local computer may not have the necessary registry information or message DLL files to display messages from a remote computer Microsoft-Windows-Security-Auditing S-1-5-21-3453765039-941111965-2454054561-1001|mails|SHYAM-DELL-2|0xc2f5a|7   Shyam-Dell-2 <NULL> An account was logged off. Subject: Security ID: S-1-5-21-3453765039-941111965-2454054561-1001 Account Name: mails Account Domain: SHYAM-DELL-2 Logon ID: 0xc2f5a Logon Type: 7 This event is generated when a logon session is destroyed. It may be positively correlated with a logon event using the Logon ID value. Logon IDs are only unique between reboots on the same computer.    <NULL>
C:\Files\Academics\VIT\Lab or Practicals\Digital Forensics\Lab3\Security.evtx 430790 2021-08-14 16:45:04 2021-08-14 16:45:04 4634 8 Success Audit event 12545 The name for category 12545 in Source "Microsoft-Windows-Security-Auditing" cannot be found. The local computer may not have the necessary registry information or message DLL files to display messages from a remote computer Microsoft-Windows-Security-Auditing S-1-5-21-3453765039-941111965-2454054561-1001|mails|SHYAM-DELL-2|0xc1c51|2   Shyam-Dell-2 <NULL> An account was logged off. Subject: Security ID: S-1-5-21-3453765039-941111965-2454054561-1001 Account Name: mails Account Domain: SHYAM-DELL-2 Logon ID: 0xc1c51 Logon Type: 2 This event is generated when a logon session is destroyed. It may be positively correlated with a logon event using the Logon ID value. Logon IDs are only unique between reboots on the same computer.    <NULL>
C:\Files\Academics\VIT\Lab or Practicals\Digital Forensics\Lab3\Security.evtx 430791 2021-08-14 16:45:04 2021-08-14 16:45:04 4634 8 Success Audit event 12545 The name for category 12545 in Source "Microsoft-Windows-Security-Auditing" cannot be found. The local computer may not have the necessary registry information or message DLL files to display messages from a remote computer Microsoft-Windows-Security-Auditing S-1-5-21-3453765039-941111965-2454054561-1001|mails|SHYAM-DELL-2|0xc2e95|7   Shyam-Dell-2 <NULL> An account was logged off. Subject: Security ID: S-1-5-21-3453765039-941111965-2454054561-1001 Account Name: mails Account Domain: SHYAM-DELL-2 Logon ID: 0xc2e95 Logon Type: 7 This event is generated when a logon session is destroyed. It may be positively correlated with a logon event using the Logon ID value. Logon IDs are only unique between reboots on the same computer.    <NULL>
C:\Files\Academics\VIT\Lab or Practicals\Digital Forensics\Lab3\Security.evtx 430792 2021-08-14 16:45:04 2021-08-14 16:45:04 4634 8 Success Audit event 12545 The name for category 12545 in Source "Microsoft-Windows-Security-Auditing" cannot be found. The local computer may not have the necessary registry information or message DLL files to display messages from a remote computer Microsoft-Windows-Security-Auditing S-1-5-21-3453765039-941111965-2454054561-1001|mails|SHYAM-DELL-2|0xc1bca|2   Shyam-Dell-2 <NULL> An account was logged off. Subject: Security ID: S-1-5-21-3453765039-941111965-2454054561-1001 Account Name: mails Account Domain: SHYAM-DELL-2 Logon ID: 0xc1bca Logon Type: 2 This event is generated when a logon session is destroyed. It may be positively correlated with a logon event using the Logon ID value. Logon IDs are only unique between reboots on the same computer.    <NULL>
C:\Files\Academics\VIT\Lab or Practicals\Digital Forensics\Lab3\Security.evtx 432344 2021-08-15 10:23:47 2021-08-15 10:23:47 4634 8 Success Audit event 12545 The name for category 12545 in Source "Microsoft-Windows-Security-Auditing" cannot be found. The local computer may not have the necessary registry information or message DLL files to display messages from a remote computer Microsoft-Windows-Security-Auditing S-1-5-21-3453765039-941111965-2454054561-1001|mails|SHYAM-DELL-2|0x9cebc|7   Shyam-Dell-2 <NULL> An account was logged off. Subject: Security ID: S-1-5-21-3453765039-941111965-2454054561-1001 Account Name: mails Account Domain: SHYAM-DELL-2 Logon ID: 0x9cebc Logon Type: 7 This event is generated when a logon session is destroyed. It may be positively correlated with a logon event using the Logon ID value. Logon IDs are only unique between reboots on the same computer.    <NULL>
C:\Files\Academics\VIT\Lab or Practicals\Digital Forensics\Lab3\Security.evtx 432345 2021-08-15 10:23:47 2021-08-15 10:23:47 4634 8 Success Audit event 12545 The name for category 12545 in Source "Microsoft-Windows-Security-Auditing" cannot be found. The local computer may not have the necessary registry information or message DLL files to display messages from a remote computer Microsoft-Windows-Security-Auditing S-1-5-21-3453765039-941111965-2454054561-1001|mails|SHYAM-DELL-2|0x9b990|2   Shyam-Dell-2 <NULL> An account was logged off. Subject: Security ID: S-1-5-21-3453765039-941111965-2454054561-1001 Account Name: mails Account Domain: SHYAM-DELL-2 Logon ID: 0x9b990 Logon Type: 2 This event is generated when a logon session is destroyed. It may be positively correlated with a logon event using the Logon ID value. Logon IDs are only unique between reboots on the same computer.    <NULL>
C:\Files\Academics\VIT\Lab or Practicals\Digital Forensics\Lab3\Security.evtx 432346 2021-08-15 10:23:47 2021-08-15 10:23:47 4634 8 Success Audit event 12545 The name for category 12545 in Source "Microsoft-Windows-Security-Auditing" cannot be found. The local computer may not have the necessary registry information or message DLL files to display messages from a remote computer Microsoft-Windows-Security-Auditing S-1-5-21-3453765039-941111965-2454054561-1001|mails|SHYAM-DELL-2|0x9b93a|2   Shyam-Dell-2 <NULL> An account was logged off. Subject: Security ID: S-1-5-21-3453765039-941111965-2454054561-1001 Account Name: mails Account Domain: SHYAM-DELL-2 Logon ID: 0x9b93a Logon Type: 2 This event is generated when a logon session is destroyed. It may be positively correlated with a logon event using the Logon ID value. Logon IDs are only unique between reboots on the same computer.    <NULL>
C:\Files\Academics\VIT\Lab or Practicals\Digital Forensics\Lab3\Security.evtx 432347 2021-08-15 10:23:47 2021-08-15 10:23:47 4634 8 Success Audit event 12545 The name for category 12545 in Source "Microsoft-Windows-Security-Auditing" cannot be found. The local computer may not have the necessary registry information or message DLL files to display messages from a remote computer Microsoft-Windows-Security-Auditing S-1-5-21-3453765039-941111965-2454054561-1001|mails|SHYAM-DELL-2|0x9cdea|7   Shyam-Dell-2 <NULL> An account was logged off. Subject: Security ID: S-1-5-21-3453765039-941111965-2454054561-1001 Account Name: mails Account Domain: SHYAM-DELL-2 Logon ID: 0x9cdea Logon Type: 7 This event is generated when a logon session is destroyed. It may be positively correlated with a logon event using the Logon ID value. Logon IDs are only unique between reboots on the same computer.    <NULL>
C:\Files\Academics\VIT\Lab or Practicals\Digital Forensics\Lab3\Security.evtx 433116 2021-08-15 10:29:31 2021-08-15 10:29:31 4634 8 Success Audit event 12545 The name for category 12545 in Source "Microsoft-Windows-Security-Auditing" cannot be found. The local computer may not have the necessary registry information or message DLL files to display messages from a remote computer Microsoft-Windows-Security-Auditing S-1-5-21-3453765039-941111965-2454054561-1001|mails|SHYAM-DELL-2|0x91018|7   Shyam-Dell-2 <NULL> An account was logged off. Subject: Security ID: S-1-5-21-3453765039-941111965-2454054561-1001 Account Name: mails Account Domain: SHYAM-DELL-2 Logon ID: 0x91018 Logon Type: 7 This event is generated when a logon session is destroyed. It may be positively correlated with a logon event using the Logon ID value. Logon IDs are only unique between reboots on the same computer.    <NULL>
C:\Files\Academics\VIT\Lab or Practicals\Digital Forensics\Lab3\Security.evtx 433117 2021-08-15 10:29:31 2021-08-15 10:29:31 4634 8 Success Audit event 12545 The name for category 12545 in Source "Microsoft-Windows-Security-Auditing" cannot be found. The local computer may not have the necessary registry information or message DLL files to display messages from a remote computer Microsoft-Windows-Security-Auditing S-1-5-21-3453765039-941111965-2454054561-1001|mails|SHYAM-DELL-2|0x90f3d|7   Shyam-Dell-2 <NULL> An account was logged off. Subject: Security ID: S-1-5-21-3453765039-941111965-2454054561-1001 Account Name: mails Account Domain: SHYAM-DELL-2 Logon ID: 0x90f3d Logon Type: 7 This event is generated when a logon session is destroyed. It may be positively correlated with a logon event using the Logon ID value. Logon IDs are only unique between reboots on the same computer.    <NULL>
C:\Files\Academics\VIT\Lab or Practicals\Digital Forensics\Lab3\Security.evtx 433118 2021-08-15 10:29:31 2021-08-15 10:29:31 4634 8 Success Audit event 12545 The name for category 12545 in Source "Microsoft-Windows-Security-Auditing" cannot be found. The local computer may not have the necessary registry information or message DLL files to display messages from a remote computer Microsoft-Windows-Security-Auditing S-1-5-21-3453765039-941111965-2454054561-1001|mails|SHYAM-DELL-2|0x9046e|2   Shyam-Dell-2 <NULL> An account was logged off. Subject: Security ID: S-1-5-21-3453765039-941111965-2454054561-1001 Account Name: mails Account Domain: SHYAM-DELL-2 Logon ID: 0x9046e Logon Type: 2 This event is generated when a logon session is destroyed. It may be positively correlated with a logon event using the Logon ID value. Logon IDs are only unique between reboots on the same computer.    <NULL>
C:\Files\Academics\VIT\Lab or Practicals\Digital Forensics\Lab3\Security.evtx 433119 2021-08-15 10:29:31 2021-08-15 10:29:31 4634 8 Success Audit event 12545 The name for category 12545 in Source "Microsoft-Windows-Security-Auditing" cannot be found. The local computer may not have the necessary registry information or message DLL files to display messages from a remote computer Microsoft-Windows-Security-Auditing S-1-5-21-3453765039-941111965-2454054561-1001|mails|SHYAM-DELL-2|0x903b0|2   Shyam-Dell-2 <NULL> An account was logged off. Subject: Security ID: S-1-5-21-3453765039-941111965-2454054561-1001 Account Name: mails Account Domain: SHYAM-DELL-2 Logon ID: 0x903b0 Logon Type: 2 This event is generated when a logon session is destroyed. It may be positively correlated with a logon event using the Logon ID value. Logon IDs are only unique between reboots on the same computer.    <NULL>
C:\Files\Academics\VIT\Lab or Practicals\Digital Forensics\Lab3\Security.evtx 434654 2021-08-15 11:18:10 2021-08-15 11:18:10 4634 8 Success Audit event 12545 The name for category 12545 in Source "Microsoft-Windows-Security-Auditing" cannot be found. The local computer may not have the necessary registry information or message DLL files to display messages from a remote computer Microsoft-Windows-Security-Auditing S-1-5-21-3453765039-941111965-2454054561-1001|mails|SHYAM-DELL-2|0xef74c|7   Shyam-Dell-2 <NULL> An account was logged off. Subject: Security ID: S-1-5-21-3453765039-941111965-2454054561-1001 Account Name: mails Account Domain: SHYAM-DELL-2 Logon ID: 0xef74c Logon Type: 7 This event is generated when a logon session is destroyed. It may be positively correlated with a logon event using the Logon ID value. Logon IDs are only unique between reboots on the same computer.    <NULL>
C:\Files\Academics\VIT\Lab or Practicals\Digital Forensics\Lab3\Security.evtx 434655 2021-08-15 11:18:10 2021-08-15 11:18:10 4634 8 Success Audit event 12545 The name for category 12545 in Source "Microsoft-Windows-Security-Auditing" cannot be found. The local computer may not have the necessary registry information or message DLL files to display messages from a remote computer Microsoft-Windows-Security-Auditing S-1-5-21-3453765039-941111965-2454054561-1001|mails|SHYAM-DELL-2|0xee64b|2   Shyam-Dell-2 <NULL> An account was logged off. Subject: Security ID: S-1-5-21-3453765039-941111965-2454054561-1001 Account Name: mails Account Domain: SHYAM-DELL-2 Logon ID: 0xee64b Logon Type: 2 This event is generated when a logon session is destroyed. It may be positively correlated with a logon event using the Logon ID value. Logon IDs are only unique between reboots on the same computer.    <NULL>
C:\Files\Academics\VIT\Lab or Practicals\Digital Forensics\Lab3\Security.evtx 434656 2021-08-15 11:18:10 2021-08-15 11:18:10 4634 8 Success Audit event 12545 The name for category 12545 in Source "Microsoft-Windows-Security-Auditing" cannot be found. The local computer may not have the necessary registry information or message DLL files to display messages from a remote computer Microsoft-Windows-Security-Auditing S-1-5-21-3453765039-941111965-2454054561-1001|mails|SHYAM-DELL-2|0xef618|7   Shyam-Dell-2 <NULL> An account was logged off. Subject: Security ID: S-1-5-21-3453765039-941111965-2454054561-1001 Account Name: mails Account Domain: SHYAM-DELL-2 Logon ID: 0xef618 Logon Type: 7 This event is generated when a logon session is destroyed. It may be positively correlated with a logon event using the Logon ID value. Logon IDs are only unique between reboots on the same computer.    <NULL>
C:\Files\Academics\VIT\Lab or Practicals\Digital Forensics\Lab3\Security.evtx 434657 2021-08-15 11:18:10 2021-08-15 11:18:10 4634 8 Success Audit event 12545 The name for category 12545 in Source "Microsoft-Windows-Security-Auditing" cannot be found. The local computer may not have the necessary registry information or message DLL files to display messages from a remote computer Microsoft-Windows-Security-Auditing S-1-5-21-3453765039-941111965-2454054561-1001|mails|SHYAM-DELL-2|0xee5e4|2   Shyam-Dell-2 <NULL> An account was logged off. Subject: Security ID: S-1-5-21-3453765039-941111965-2454054561-1001 Account Name: mails Account Domain: SHYAM-DELL-2 Logon ID: 0xee5e4 Logon Type: 2 This event is generated when a logon session is destroyed. It may be positively correlated with a logon event using the Logon ID value. Logon IDs are only unique between reboots on the same computer.    <NULL>
C:\Files\Academics\VIT\Lab or Practicals\Digital Forensics\Lab3\Security.evtx 435365 2021-08-15 14:44:42 2021-08-15 14:44:42 4634 8 Success Audit event 12545 The name for category 12545 in Source "Microsoft-Windows-Security-Auditing" cannot be found. The local computer may not have the necessary registry information or message DLL files to display messages from a remote computer Microsoft-Windows-Security-Auditing S-1-5-21-3453765039-941111965-2454054561-1001|mails|SHYAM-DELL-2|0x9dd15|7   Shyam-Dell-2 <NULL> An account was logged off. Subject: Security ID: S-1-5-21-3453765039-941111965-2454054561-1001 Account Name: mails Account Domain: SHYAM-DELL-2 Logon ID: 0x9dd15 Logon Type: 7 This event is generated when a logon session is destroyed. It may be positively correlated with a logon event using the Logon ID value. Logon IDs are only unique between reboots on the same computer.    <NULL>
C:\Files\Academics\VIT\Lab or Practicals\Digital Forensics\Lab3\Security.evtx 435366 2021-08-15 14:44:42 2021-08-15 14:44:42 4634 8 Success Audit event 12545 The name for category 12545 in Source "Microsoft-Windows-Security-Auditing" cannot be found. The local computer may not have the necessary registry information or message DLL files to display messages from a remote computer Microsoft-Windows-Security-Auditing S-1-5-21-3453765039-941111965-2454054561-1001|mails|SHYAM-DELL-2|0x9dc5c|7   Shyam-Dell-2 <NULL> An account was logged off. Subject: Security ID: S-1-5-21-3453765039-941111965-2454054561-1001 Account Name: mails Account Domain: SHYAM-DELL-2 Logon ID: 0x9dc5c Logon Type: 7 This event is generated when a logon session is destroyed. It may be positively correlated with a logon event using the Logon ID value. Logon IDs are only unique between reboots on the same computer.    <NULL>
C:\Files\Academics\VIT\Lab or Practicals\Digital Forensics\Lab3\Security.evtx 435367 2021-08-15 14:44:42 2021-08-15 14:44:42 4634 8 Success Audit event 12545 The name for category 12545 in Source "Microsoft-Windows-Security-Auditing" cannot be found. The local computer may not have the necessary registry information or message DLL files to display messages from a remote computer Microsoft-Windows-Security-Auditing S-1-5-21-3453765039-941111965-2454054561-1001|mails|SHYAM-DELL-2|0x9c982|2   Shyam-Dell-2 <NULL> An account was logged off. Subject: Security ID: S-1-5-21-3453765039-941111965-2454054561-1001 Account Name: mails Account Domain: SHYAM-DELL-2 Logon ID: 0x9c982 Logon Type: 2 This event is generated when a logon session is destroyed. It may be positively correlated with a logon event using the Logon ID value. Logon IDs are only unique between reboots on the same computer.    <NULL>
C:\Files\Academics\VIT\Lab or Practicals\Digital Forensics\Lab3\Security.evtx 435368 2021-08-15 14:44:42 2021-08-15 14:44:42 4634 8 Success Audit event 12545 The name for category 12545 in Source "Microsoft-Windows-Security-Auditing" cannot be found. The local computer may not have the necessary registry information or message DLL files to display messages from a remote computer Microsoft-Windows-Security-Auditing S-1-5-21-3453765039-941111965-2454054561-1001|mails|SHYAM-DELL-2|0x9c8ff|2   Shyam-Dell-2 <NULL> An account was logged off. Subject: Security ID: S-1-5-21-3453765039-941111965-2454054561-1001 Account Name: mails Account Domain: SHYAM-DELL-2 Logon ID: 0x9c8ff Logon Type: 2 This event is generated when a logon session is destroyed. It may be positively correlated with a logon event using the Logon ID value. Logon IDs are only unique between reboots on the same computer.    <NULL>
C:\Files\Academics\VIT\Lab or Practicals\Digital Forensics\Lab3\Security.evtx 435742 2021-08-15 15:12:43 2021-08-15 15:12:43 4634 8 Success Audit event 12545 The name for category 12545 in Source "Microsoft-Windows-Security-Auditing" cannot be found. The local computer may not have the necessary registry information or message DLL files to display messages from a remote computer Microsoft-Windows-Security-Auditing S-1-5-21-3453765039-941111965-2454054561-1001|mails|SHYAM-DELL-2|0x1d043a9|7 Shyam-Dell-2 <NULL> An account was logged off. Subject: Security ID: S-1-5-21-3453765039-941111965-2454054561-1001 Account Name: mails Account Domain: SHYAM-DELL-2 Logon ID: 0x1d043a9 Logon Type: 7 This event is generated when a logon session is destroyed. It may be positively correlated with a logon event using the Logon ID value. Logon IDs are only unique between reboots on the same computer.  <NULL>
C:\Files\Academics\VIT\Lab or Practicals\Digital Forensics\Lab3\Security.evtx 435743 2021-08-15 15:12:43 2021-08-15 15:12:43 4634 8 Success Audit event 12545 The name for category 12545 in Source "Microsoft-Windows-Security-Auditing" cannot be found. The local computer may not have the necessary registry information or message DLL files to display messages from a remote computer Microsoft-Windows-Security-Auditing S-1-5-21-3453765039-941111965-2454054561-1001|mails|SHYAM-DELL-2|0x1d032f6|2 Shyam-Dell-2 <NULL> An account was logged off. Subject: Security ID: S-1-5-21-3453765039-941111965-2454054561-1001 Account Name: mails Account Domain: SHYAM-DELL-2 Logon ID: 0x1d032f6 Logon Type: 2 This event is generated when a logon session is destroyed. It may be positively correlated with a logon event using the Logon ID value. Logon IDs are only unique between reboots on the same computer.  <NULL>
C:\Files\Academics\VIT\Lab or Practicals\Digital Forensics\Lab3\Security.evtx 435744 2021-08-15 15:12:43 2021-08-15 15:12:43 4634 8 Success Audit event 12545 The name for category 12545 in Source "Microsoft-Windows-Security-Auditing" cannot be found. The local computer may not have the necessary registry information or message DLL files to display messages from a remote computer Microsoft-Windows-Security-Auditing S-1-5-21-3453765039-941111965-2454054561-1001|mails|SHYAM-DELL-2|0x1d042f0|7 Shyam-Dell-2 <NULL> An account was logged off. Subject: Security ID: S-1-5-21-3453765039-941111965-2454054561-1001 Account Name: mails Account Domain: SHYAM-DELL-2 Logon ID: 0x1d042f0 Logon Type: 7 This event is generated when a logon session is destroyed. It may be positively correlated with a logon event using the Logon ID value. Logon IDs are only unique between reboots on the same computer.  <NULL>
C:\Files\Academics\VIT\Lab or Practicals\Digital Forensics\Lab3\Security.evtx 435745 2021-08-15 15:12:43 2021-08-15 15:12:43 4634 8 Success Audit event 12545 The name for category 12545 in Source "Microsoft-Windows-Security-Auditing" cannot be found. The local computer may not have the necessary registry information or message DLL files to display messages from a remote computer Microsoft-Windows-Security-Auditing S-1-5-21-3453765039-941111965-2454054561-1001|mails|SHYAM-DELL-2|0x1d03281|2 Shyam-Dell-2 <NULL> An account was logged off. Subject: Security ID: S-1-5-21-3453765039-941111965-2454054561-1001 Account Name: mails Account Domain: SHYAM-DELL-2 Logon ID: 0x1d03281 Logon Type: 2 This event is generated when a logon session is destroyed. It may be positively correlated with a logon event using the Logon ID value. Logon IDs are only unique between reboots on the same computer.  <NULL>
C:\Files\Academics\VIT\Lab or Practicals\Digital Forensics\Lab3\Security.evtx 436469 2021-08-15 17:20:25 2021-08-15 17:20:25 4634 8 Success Audit event 12545 The name for category 12545 in Source "Microsoft-Windows-Security-Auditing" cannot be found. The local computer may not have the necessary registry information or message DLL files to display messages from a remote computer Microsoft-Windows-Security-Auditing S-1-5-21-3453765039-941111965-2454054561-1001|mails|SHYAM-DELL-2|0x93251|7   Shyam-Dell-2 <NULL> An account was logged off. Subject: Security ID: S-1-5-21-3453765039-941111965-2454054561-1001 Account Name: mails Account Domain: SHYAM-DELL-2 Logon ID: 0x93251 Logon Type: 7 This event is generated when a logon session is destroyed. It may be positively correlated with a logon event using the Logon ID value. Logon IDs are only unique between reboots on the same computer.    <NULL>
C:\Files\Academics\VIT\Lab or Practicals\Digital Forensics\Lab3\Security.evtx 436470 2021-08-15 17:20:25 2021-08-15 17:20:25 4634 8 Success Audit event 12545 The name for category 12545 in Source "Microsoft-Windows-Security-Auditing" cannot be found. The local computer may not have the necessary registry information or message DLL files to display messages from a remote computer Microsoft-Windows-Security-Auditing S-1-5-21-3453765039-941111965-2454054561-1001|mails|SHYAM-DELL-2|0x9123c|2   Shyam-Dell-2 <NULL> An account was logged off. Subject: Security ID: S-1-5-21-3453765039-941111965-2454054561-1001 Account Name: mails Account Domain: SHYAM-DELL-2 Logon ID: 0x9123c Logon Type: 2 This event is generated when a logon session is destroyed. It may be positively correlated with a logon event using the Logon ID value. Logon IDs are only unique between reboots on the same computer.    <NULL>
C:\Files\Academics\VIT\Lab or Practicals\Digital Forensics\Lab3\Security.evtx 436471 2021-08-15 17:20:25 2021-08-15 17:20:25 4634 8 Success Audit event 12545 The name for category 12545 in Source "Microsoft-Windows-Security-Auditing" cannot be found. The local computer may not have the necessary registry information or message DLL files to display messages from a remote computer Microsoft-Windows-Security-Auditing S-1-5-21-3453765039-941111965-2454054561-1001|mails|SHYAM-DELL-2|0x931a4|7   Shyam-Dell-2 <NULL> An account was logged off. Subject: Security ID: S-1-5-21-3453765039-941111965-2454054561-1001 Account Name: mails Account Domain: SHYAM-DELL-2 Logon ID: 0x931a4 Logon Type: 7 This event is generated when a logon session is destroyed. It may be positively correlated with a logon event using the Logon ID value. Logon IDs are only unique between reboots on the same computer.    <NULL>
C:\Files\Academics\VIT\Lab or Practicals\Digital Forensics\Lab3\Security.evtx 436472 2021-08-15 17:20:25 2021-08-15 17:20:25 4634 8 Success Audit event 12545 The name for category 12545 in Source "Microsoft-Windows-Security-Auditing" cannot be found. The local computer may not have the necessary registry information or message DLL files to display messages from a remote computer Microsoft-Windows-Security-Auditing S-1-5-21-3453765039-941111965-2454054561-1001|mails|SHYAM-DELL-2|0x910dd|2   Shyam-Dell-2 <NULL> An account was logged off. Subject: Security ID: S-1-5-21-3453765039-941111965-2454054561-1001 Account Name: mails Account Domain: SHYAM-DELL-2 Logon ID: 0x910dd Logon Type: 2 This event is generated when a logon session is destroyed. It may be positively correlated with a logon event using the Logon ID value. Logon IDs are only unique between reboots on the same computer.    <NULL>
C:\Files\Academics\VIT\Lab or Practicals\Digital Forensics\Lab3\Security.evtx 437407 2021-08-15 19:59:57 2021-08-15 19:59:57 4634 8 Success Audit event 12545 The name for category 12545 in Source "Microsoft-Windows-Security-Auditing" cannot be found. The local computer may not have the necessary registry information or message DLL files to display messages from a remote computer Microsoft-Windows-Security-Auditing S-1-5-21-3453765039-941111965-2454054561-1001|mails|SHYAM-DELL-2|0x8b2bd|2   Shyam-Dell-2 <NULL> An account was logged off. Subject: Security ID: S-1-5-21-3453765039-941111965-2454054561-1001 Account Name: mails Account Domain: SHYAM-DELL-2 Logon ID: 0x8b2bd Logon Type: 2 This event is generated when a logon session is destroyed. It may be positively correlated with a logon event using the Logon ID value. Logon IDs are only unique between reboots on the same computer.    <NULL>
C:\Files\Academics\VIT\Lab or Practicals\Digital Forensics\Lab3\Security.evtx 437408 2021-08-15 19:59:57 2021-08-15 19:59:57 4634 8 Success Audit event 12545 The name for category 12545 in Source "Microsoft-Windows-Security-Auditing" cannot be found. The local computer may not have the necessary registry information or message DLL files to display messages from a remote computer Microsoft-Windows-Security-Auditing S-1-5-21-3453765039-941111965-2454054561-1001|mails|SHYAM-DELL-2|0x8b1b5|2   Shyam-Dell-2 <NULL> An account was logged off. Subject: Security ID: S-1-5-21-3453765039-941111965-2454054561-1001 Account Name: mails Account Domain: SHYAM-DELL-2 Logon ID: 0x8b1b5 Logon Type: 2 This event is generated when a logon session is destroyed. It may be positively correlated with a logon event using the Logon ID value. Logon IDs are only unique between reboots on the same computer.    <NULL>
C:\Files\Academics\VIT\Lab or Practicals\Digital Forensics\Lab3\Security.evtx 437409 2021-08-15 19:59:57 2021-08-15 19:59:57 4634 8 Success Audit event 12545 The name for category 12545 in Source "Microsoft-Windows-Security-Auditing" cannot be found. The local computer may not have the necessary registry information or message DLL files to display messages from a remote computer Microsoft-Windows-Security-Auditing S-1-5-21-3453765039-941111965-2454054561-1001|mails|SHYAM-DELL-2|0x8f600|7   Shyam-Dell-2 <NULL> An account was logged off. Subject: Security ID: S-1-5-21-3453765039-941111965-2454054561-1001 Account Name: mails Account Domain: SHYAM-DELL-2 Logon ID: 0x8f600 Logon Type: 7 This event is generated when a logon session is destroyed. It may be positively correlated with a logon event using the Logon ID value. Logon IDs are only unique between reboots on the same computer.    <NULL>
C:\Files\Academics\VIT\Lab or Practicals\Digital Forensics\Lab3\Security.evtx 437410 2021-08-15 19:59:57 2021-08-15 19:59:57 4634 8 Success Audit event 12545 The name for category 12545 in Source "Microsoft-Windows-Security-Auditing" cannot be found. The local computer may not have the necessary registry information or message DLL files to display messages from a remote computer Microsoft-Windows-Security-Auditing S-1-5-21-3453765039-941111965-2454054561-1001|mails|SHYAM-DELL-2|0x8eeca|7   Shyam-Dell-2 <NULL> An account was logged off. Subject: Security ID: S-1-5-21-3453765039-941111965-2454054561-1001 Account Name: mails Account Domain: SHYAM-DELL-2 Logon ID: 0x8eeca Logon Type: 7 This event is generated when a logon session is destroyed. It may be positively correlated with a logon event using the Logon ID value. Logon IDs are only unique between reboots on the same computer.    <NULL>
C:\Files\Academics\VIT\Lab or Practicals\Digital Forensics\Lab3\Security.evtx 438392 2021-08-16 20:40:55 2021-08-16 20:40:55 4634 8 Success Audit event 12545 The name for category 12545 in Source "Microsoft-Windows-Security-Auditing" cannot be found. The local computer may not have the necessary registry information or message DLL files to display messages from a remote computer Microsoft-Windows-Security-Auditing S-1-5-21-3453765039-941111965-2454054561-1001|mails|SHYAM-DELL-2|0x6f9f5|7   Shyam-Dell-2 <NULL> An account was logged off. Subject: Security ID: S-1-5-21-3453765039-941111965-2454054561-1001 Account Name: mails Account Domain: SHYAM-DELL-2 Logon ID: 0x6f9f5 Logon Type: 7 This event is generated when a logon session is destroyed. It may be positively correlated with a logon event using the Logon ID value. Logon IDs are only unique between reboots on the same computer.    <NULL>
C:\Files\Academics\VIT\Lab or Practicals\Digital Forensics\Lab3\Security.evtx 438393 2021-08-16 20:40:55 2021-08-16 20:40:55 4634 8 Success Audit event 12545 The name for category 12545 in Source "Microsoft-Windows-Security-Auditing" cannot be found. The local computer may not have the necessary registry information or message DLL files to display messages from a remote computer Microsoft-Windows-Security-Auditing S-1-5-21-3453765039-941111965-2454054561-1001|mails|SHYAM-DELL-2|0x6f94c|7   Shyam-Dell-2 <NULL> An account was logged off. Subject: Security ID: S-1-5-21-3453765039-941111965-2454054561-1001 Account Name: mails Account Domain: SHYAM-DELL-2 Logon ID: 0x6f94c Logon Type: 7 This event is generated when a logon session is destroyed. It may be positively correlated with a logon event using the Logon ID value. Logon IDs are only unique between reboots on the same computer.    <NULL>
C:\Files\Academics\VIT\Lab or Practicals\Digital Forensics\Lab3\Security.evtx 440412 2021-08-17 15:35:36 2021-08-17 15:35:36 4634 8 Success Audit event 12545 The name for category 12545 in Source "Microsoft-Windows-Security-Auditing" cannot be found. The local computer may not have the necessary registry information or message DLL files to display messages from a remote computer Microsoft-Windows-Security-Auditing S-1-5-21-3453765039-941111965-2454054561-1001|mails|SHYAM-DELL-2|0xb53d8|7   Shyam-Dell-2 <NULL> An account was logged off. Subject: Security ID: S-1-5-21-3453765039-941111965-2454054561-1001 Account Name: mails Account Domain: SHYAM-DELL-2 Logon ID: 0xb53d8 Logon Type: 7 This event is generated when a logon session is destroyed. It may be positively correlated with a logon event using the Logon ID value. Logon IDs are only unique between reboots on the same computer.    <NULL>
C:\Files\Academics\VIT\Lab or Practicals\Digital Forensics\Lab3\Security.evtx 440413 2021-08-17 15:35:36 2021-08-17 15:35:36 4634 8 Success Audit event 12545 The name for category 12545 in Source "Microsoft-Windows-Security-Auditing" cannot be found. The local computer may not have the necessary registry information or message DLL files to display messages from a remote computer Microsoft-Windows-Security-Auditing S-1-5-21-3453765039-941111965-2454054561-1001|mails|SHYAM-DELL-2|0xb48fd|2   Shyam-Dell-2 <NULL> An account was logged off. Subject: Security ID: S-1-5-21-3453765039-941111965-2454054561-1001 Account Name: mails Account Domain: SHYAM-DELL-2 Logon ID: 0xb48fd Logon Type: 2 This event is generated when a logon session is destroyed. It may be positively correlated with a logon event using the Logon ID value. Logon IDs are only unique between reboots on the same computer.    <NULL>
C:\Files\Academics\VIT\Lab or Practicals\Digital Forensics\Lab3\Security.evtx 440414 2021-08-17 15:35:36 2021-08-17 15:35:36 4634 8 Success Audit event 12545 The name for category 12545 in Source "Microsoft-Windows-Security-Auditing" cannot be found. The local computer may not have the necessary registry information or message DLL files to display messages from a remote computer Microsoft-Windows-Security-Auditing S-1-5-21-3453765039-941111965-2454054561-1001|mails|SHYAM-DELL-2|0xb534b|7   Shyam-Dell-2 <NULL> An account was logged off. Subject: Security ID: S-1-5-21-3453765039-941111965-2454054561-1001 Account Name: mails Account Domain: SHYAM-DELL-2 Logon ID: 0xb534b Logon Type: 7 This event is generated when a logon session is destroyed. It may be positively correlated with a logon event using the Logon ID value. Logon IDs are only unique between reboots on the same computer.    <NULL>
C:\Files\Academics\VIT\Lab or Practicals\Digital Forensics\Lab3\Security.evtx 440415 2021-08-17 15:35:36 2021-08-17 15:35:36 4634 8 Success Audit event 12545 The name for category 12545 in Source "Microsoft-Windows-Security-Auditing" cannot be found. The local computer may not have the necessary registry information or message DLL files to display messages from a remote computer Microsoft-Windows-Security-Auditing S-1-5-21-3453765039-941111965-2454054561-1001|mails|SHYAM-DELL-2|0xb48a6|2   Shyam-Dell-2 <NULL> An account was logged off. Subject: Security ID: S-1-5-21-3453765039-941111965-2454054561-1001 Account Name: mails Account Domain: SHYAM-DELL-2 Logon ID: 0xb48a6 Logon Type: 2 This event is generated when a logon session is destroyed. It may be positively correlated with a logon event using the Logon ID value. Logon IDs are only unique between reboots on the same computer.    <NULL>
